keyword,search_volume,competition_level,current_cpc,commercial_intent,target_cpa,conversion_rate,target_cpc,adjusted_cpc,priority,bid_strategy,expected_roas,budget_allocation,recommendation
zomato food delivery india,1000,0.3,1.4,0.0,50.0,0.02,1.0,0.9,medium,balanced,2.22,0.018,Medium priority - balanced bidding recommended
best food delivery app,1000,0.3,1.4,0.15,50.0,0.02,1.0,0.9,medium,balanced,2.22,0.018,Medium priority - balanced bidding recommended
online food ordering,1000,0.3,1.4,0.15,50.0,0.02,1.0,0.9,medium,balanced,2.22,0.018,Medium priority - balanced bidding recommended
restaurant finder india,1000,0.3,1.4,0.0,50.0,0.02,1.0,0.9,medium,balanced,2.22,0.018,Medium priority - balanced bidding recommended
food delivery near me,1000,0.3,1.4,0.15,50.0,0.02,1.0,0.9,medium,balanced,2.22,0.018,Medium priority - balanced bidding recommended
zomato restaurant discovery,1000,0.3,1.4,0.0,50.0,0.02,1.0,0.9,medium,balanced,2.22,0.018,Medium priority - balanced bidding recommended
order food online,1000,0.3,1.4,0.15,50.0,0.02,1.0,0.9,medium,balanced,2.22,0.018,Medium priority - balanced bidding recommended
indian food delivery,1000,0.3,1.4,0.0,50.0,0.02,1.0,0.9,medium,balanced,2.22,0.018,Medium priority - balanced bidding recommended
zomato food delivery service,1000,0.3,1.4,0.15,50.0,0.02,1.0,0.9,medium,balanced,2.22,0.018,Medium priority - balanced bidding recommended
largest food delivery service india,1000,0.3,1.4,0.15,50.0,0.02,1.0,0.9,medium,balanced,2.22,0.018,Medium priority - balanced bidding recommended
zomato food delivery app,1000,0.3,1.4,0.0,50.0,0.02,1.0,0.9,medium,balanced,2.22,0.018,Medium priority - balanced bidding recommended
zomato restaurant finder,1000,0.3,1.4,0.0,50.0,0.02,1.0,0.9,medium,balanced,2.22,0.018,Medium priority - balanced bidding recommended
+zomato +food +delivery +india,1000,0.3,1.4,0.0,50.0,0.02,1.0,0.9,medium,balanced,2.22,0.018,Medium priority - balanced bidding recommended
+zomato +restaurant +discovery +service,1000,0.3,1.4,0.15,50.0,0.02,1.0,0.9,medium,balanced,2.22,0.018,Medium priority - balanced bidding recommended
+zomato +online +food +ordering,1000,0.3,1.4,0.15,50.0,0.02,1.0,0.9,medium,balanced,2.22,0.018,Medium priority - balanced bidding recommended
+best +food +delivery +app +india,1000,0.3,1.4,0.15,50.0,0.02,1.0,0.9,medium,balanced,2.22,0.018,Medium priority - balanced bidding recommended
+zomato +food +delivery +app,1000,0.3,1.4,0.0,50.0,0.02,1.0,0.9,medium,balanced,2.22,0.018,Medium priority - balanced bidding recommended
+order +food +online +zomato,1000,0.3,1.4,0.15,50.0,0.02,1.0,0.9,medium,balanced,2.22,0.018,Medium priority - balanced bidding recommended
+largest +food +delivery +service +india,1000,0.3,1.4,0.15,50.0,0.02,1.0,0.9,medium,balanced,2.22,0.018,Medium priority - balanced bidding recommended
+zomato +restaurant +finder,1000,0.3,1.4,0.0,50.0,0.02,1.0,0.9,medium,balanced,2.22,0.018,Medium priority - balanced bidding recommended
what is Zomato Pro?,1000,0.3,1.4,0.0,50.0,0.02,1.0,0.9,medium,balanced,2.22,0.018,Medium priority - balanced bidding recommended
best restaurants near me Zomato,1000,0.3,1.4,0.3,50.0,0.02,1.0,0.9,medium,balanced,2.22,0.018,Medium priority - balanced bidding recommended
how does Zomato delivery work?,1000,0.3,1.4,0.0,50.0,0.02,1.0,0.9,medium,balanced,2.22,0.018,Medium priority - balanced bidding recommended
Zomato restaurant reviews,1000,0.3,1.4,0.15,50.0,0.02,1.0,0.9,medium,balanced,2.22,0.018,Medium priority - balanced bidding recommended
how to use Zomato Gold,1000,0.3,1.4,0.0,50.0,0.02,1.0,0.9,medium,balanced,2.22,0.018,Medium priority - balanced bidding recommended
what are the top-rated restaurants on Zomato?,1000,0.3,1.4,0.15,50.0,0.02,1.0,0.9,medium,balanced,2.22,0.018,Medium priority - balanced bidding recommended
how to find restaurants open now on Zomato,1000,0.3,1.4,0.0,50.0,0.02,1.0,0.9,medium,balanced,2.22,0.018,Medium priority - balanced bidding recommended
Zomato app download,1000,0.3,1.4,0.0,50.0,0.02,1.0,0.9,medium,balanced,2.22,0.018,Medium priority - balanced bidding recommended
Zomato customer service,1000,0.3,1.4,0.15,50.0,0.02,1.0,0.9,medium,balanced,2.22,0.018,Medium priority - balanced bidding recommended
Zomato investor relations,1000,0.3,1.4,0.0,50.0,0.02,1.0,0.9,medium,balanced,2.22,0.018,Medium priority - balanced bidding recommended
Zomato vs Swiggy,1000,0.3,1.4,0.15,50.0,0.02,1.0,0.9,medium,balanced,2.22,0.018,Medium priority - balanced bidding recommended
Zomato restaurant deals,1000,0.3,1.4,0.15,50.0,0.02,1.0,0.9,medium,balanced,2.22,0.018,Medium priority - balanced bidding recommended
top 10 restaurants in Mumbai Zomato,1000,0.3,1.4,0.15,50.0,0.02,1.0,0.9,medium,balanced,2.22,0.018,Medium priority - balanced bidding recommended
Zomato reviews Bangalore,1000,0.3,1.4,0.15,50.0,0.02,1.0,0.9,medium,balanced,2.22,0.018,Medium priority - balanced bidding recommended
compare food delivery apps India,1000,0.3,1.4,0.15,50.0,0.02,1.0,0.9,medium,balanced,2.22,0.018,Medium priority - balanced bidding recommended
best restaurants for delivery Zomato,1000,0.3,1.4,0.15,50.0,0.02,1.0,0.9,medium,balanced,2.22,0.018,Medium priority - balanced bidding recommended
book a table Zomato,1000,0.3,1.4,0.0,50.0,0.02,1.0,0.9,medium,balanced,2.22,0.018,Medium priority - balanced bidding recommended
Zomato online ordering,1000,0.3,1.4,0.15,50.0,0.02,1.0,0.9,medium,balanced,2.22,0.018,Medium priority - balanced bidding recommended
place order Zomato,1000,0.3,1.4,0.15,50.0,0.02,1.0,0.9,medium,balanced,2.22,0.018,Medium priority - balanced bidding recommended
Zomato online payment,1000,0.3,1.4,0.0,50.0,0.02,1.0,0.9,medium,balanced,2.22,0.018,Medium priority - balanced bidding recommended
zomato vs foodpanda,1000,0.3,1.4,0.15,50.0,0.02,1.0,0.9,medium,balanced,2.22,0.018,Medium priority - balanced bidding recommended
zomato vs dineout,1000,0.3,1.4,0.15,50.0,0.02,1.0,0.9,medium,balanced,2.22,0.018,Medium priority - balanced bidding recommended
zomato vs magicpin,1000,0.3,1.4,0.15,50.0,0.02,1.0,0.9,medium,balanced,2.22,0.018,Medium priority - balanced bidding recommended
best zomato competitor,1000,0.3,1.4,0.15,50.0,0.02,1.0,0.9,medium,balanced,2.22,0.018,Medium priority - balanced bidding recommended
swiggy food delivery,1000,0.3,1.4,0.0,50.0,0.02,1.0,0.9,medium,balanced,2.22,0.018,Medium priority - balanced bidding recommended
foodpanda online ordering,1000,0.3,1.4,0.15,50.0,0.02,1.0,0.9,medium,balanced,2.22,0.018,Medium priority - balanced bidding recommended
dineout restaurant reservations,1000,0.3,1.4,0.0,50.0,0.02,1.0,0.9,medium,balanced,2.22,0.018,Medium priority - balanced bidding recommended
swiggy restaurant discovery,1000,0.3,1.4,0.0,50.0,0.02,1.0,0.9,medium,balanced,2.22,0.018,Medium priority - balanced bidding recommended
online food delivery services India,1000,0.3,1.4,0.15,50.0,0.02,1.0,0.9,medium,balanced,2.22,0.018,Medium priority - balanced bidding recommended
restaurant reservation apps India,1000,0.3,1.4,0.0,50.0,0.02,1.0,0.9,medium,balanced,2.22,0.018,Medium priority - balanced bidding recommended
alternative to zomato,1000,0.3,1.4,0.0,50.0,0.02,1.0,0.9,medium,balanced,2.22,0.018,Medium priority - balanced bidding recommended
restaurant finder app,1000,0.3,1.4,0.0,50.0,0.02,1.0,0.9,medium,balanced,2.22,0.018,Medium priority - balanced bidding recommended
best dining apps,1000,0.3,1.4,0.15,50.0,0.02,1.0,0.9,medium,balanced,2.22,0.018,Medium priority - balanced bidding recommended
local food delivery,1000,0.3,1.4,0.15,50.0,0.02,1.0,0.9,medium,balanced,2.22,0.018,Medium priority - balanced bidding recommended
zomato vs competitors,1000,0.3,1.4,0.15,50.0,0.02,1.0,0.9,medium,balanced,2.22,0.018,Medium priority - balanced bidding recommended
food delivery app comparison India,1000,0.3,1.4,0.0,50.0,0.02,1.0,0.9,medium,balanced,2.22,0.018,Medium priority - balanced bidding recommended
better than swiggy,1000,0.3,1.4,0.0,50.0,0.02,1.0,0.9,medium,balanced,2.22,0.018,Medium priority - balanced bidding recommended
faster than foodpanda,1000,0.3,1.4,0.0,50.0,0.02,1.0,0.9,medium,balanced,2.22,0.018,Medium priority - balanced bidding recommended
cheaper than dineout,1000,0.3,1.4,0.15,50.0,0.02,1.0,0.9,medium,balanced,2.22,0.018,Medium priority - balanced bidding recommended
more restaurants than swiggy,1000,0.3,1.4,0.0,50.0,0.02,1.0,0.9,medium,balanced,2.22,0.018,Medium priority - balanced bidding recommended
best restaurant discovery app,1000,0.3,1.4,0.15,50.0,0.02,1.0,0.9,medium,balanced,2.22,0.018,Medium priority - balanced bidding recommended
superior food delivery service,1000,0.3,1.4,0.15,50.0,0.02,1.0,0.9,medium,balanced,2.22,0.018,Medium priority - balanced bidding recommended
Zomato food delivery Mumbai,1000,0.3,1.4,0.0,50.0,0.02,1.0,0.9,medium,balanced,2.22,0.018,Medium priority - balanced bidding recommended
Zomato dining Bangalore,1000,0.3,1.4,0.0,50.0,0.02,1.0,0.9,medium,balanced,2.22,0.018,Medium priority - balanced bidding recommended
Zomato in Kolkata,1000,0.3,1.4,0.0,50.0,0.02,1.0,0.9,medium,balanced,2.22,0.018,Medium priority - balanced bidding recommended
dining options near me,1000,0.3,1.4,0.15,50.0,0.02,1.0,0.9,medium,balanced,2.22,0.018,Medium priority - balanced bidding recommended
discovery service near me,1000,0.3,1.4,0.3,50.0,0.02,1.0,0.9,medium,balanced,2.22,0.018,Medium priority - balanced bidding recommended
food delivery close to me,1000,0.3,1.4,0.0,50.0,0.02,1.0,0.9,medium,balanced,2.22,0.018,Medium priority - balanced bidding recommended
nearby restaurants Zomato,1000,0.3,1.4,0.0,50.0,0.02,1.0,0.9,medium,balanced,2.22,0.018,Medium priority - balanced bidding recommended
best local restaurants Zomato,1000,0.3,1.4,0.3,50.0,0.02,1.0,0.9,medium,balanced,2.22,0.018,Medium priority - balanced bidding recommended
nearby dining Zomato,1000,0.3,1.4,0.0,50.0,0.02,1.0,0.9,medium,balanced,2.22,0.018,Medium priority - balanced bidding recommended
local food discovery service,1000,0.3,1.4,0.3,50.0,0.02,1.0,0.9,medium,balanced,2.22,0.018,Medium priority - balanced bidding recommended
Zomato your area,1000,0.3,1.4,0.0,50.0,0.02,1.0,0.9,medium,balanced,2.22,0.018,Medium priority - balanced bidding recommended
in my area food delivery,1000,0.3,1.4,0.0,50.0,0.02,1.0,0.9,medium,balanced,2.22,0.018,Medium priority - balanced bidding recommended
local food deals Zomato,1000,0.3,1.4,0.3,50.0,0.02,1.0,0.9,medium,balanced,2.22,0.018,Medium priority - balanced bidding recommended
best restaurants in your area,1000,0.3,1.4,0.15,50.0,0.02,1.0,0.9,medium,balanced,2.22,0.018,Medium priority - balanced bidding recommended
Zomato Delhi food delivery,1000,0.3,1.4,0.0,50.0,0.02,1.0,0.9,medium,balanced,2.22,0.018,Medium priority - balanced bidding recommended
Hyderabad Zomato best restaurants,1000,0.3,1.4,0.15,50.0,0.02,1.0,0.9,medium,balanced,2.22,0.018,Medium priority - balanced bidding recommended
Chennai Zomato food,1000,0.3,1.4,0.0,50.0,0.02,1.0,0.9,medium,balanced,2.22,0.018,Medium priority - balanced bidding recommended
Zomato restaurants in Gurgaon,1000,0.3,1.4,0.0,50.0,0.02,1.0,0.9,medium,balanced,2.22,0.018,Medium priority - balanced bidding recommended
Zomato Tamil Nadu,1000,0.3,1.4,0.0,50.0,0.02,1.0,0.9,medium,balanced,2.22,0.018,Medium priority - balanced bidding recommended
food delivery in Gujarat Zomato,1000,0.3,1.4,0.0,50.0,0.02,1.0,0.9,medium,balanced,2.22,0.018,Medium priority - balanced bidding recommended
Zomato restaurants in Karnataka,1000,0.3,1.4,0.0,50.0,0.02,1.0,0.9,medium,balanced,2.22,0.018,Medium priority - balanced bidding recommended
Zomato Andhra Pradesh,1000,0.3,1.4,0.0,50.0,0.02,1.0,0.9,medium,balanced,2.22,0.018,Medium priority - balanced bidding recommended
Zomato West Bengal,1000,0.3,1.4,0.0,50.0,0.02,1.0,0.9,medium,balanced,2.22,0.018,Medium priority - balanced bidding recommended
best food in Uttar Pradesh Zomato,1000,0.3,1.4,0.15,50.0,0.02,1.0,0.9,medium,balanced,2.22,0.018,Medium priority - balanced bidding recommended
What is the best food delivery service in India?,1000,0.3,1.4,0.3,50.0,0.02,1.0,0.9,medium,balanced,2.22,0.018,Medium priority - balanced bidding recommended
When is the best time to order food on Zomato?,1000,0.3,1.4,0.3,50.0,0.02,1.0,0.9,medium,balanced,2.22,0.018,Medium priority - balanced bidding recommended
Which restaurants on Zomato offer vegetarian options?,1000,0.3,1.4,0.15,50.0,0.02,1.0,0.9,medium,balanced,2.22,0.018,Medium priority - balanced bidding recommended
How does Zomato's food delivery service compare to Swiggy?,1000,0.3,1.4,0.3,50.0,0.02,1.0,0.9,medium,balanced,2.22,0.018,Medium priority - balanced bidding recommended
Solving late-night hunger pangs with Zomato food delivery,1000,0.3,1.4,0.0,50.0,0.02,1.0,0.9,medium,balanced,2.22,0.018,Medium priority - balanced bidding recommended
Finding healthy food options for weight loss with Zomato,1000,0.3,1.4,0.0,50.0,0.02,1.0,0.9,medium,balanced,2.22,0.018,Medium priority - balanced bidding recommended
Eliminating the hassle of cooking with Zomato's food delivery,1000,0.3,1.4,0.0,50.0,0.02,1.0,0.9,medium,balanced,2.22,0.018,Medium priority - balanced bidding recommended
Discovering hidden culinary gems in India through Zomato,1000,0.3,1.4,0.0,50.0,0.02,1.0,0.9,medium,balanced,2.22,0.018,Medium priority - balanced bidding recommended
Avoiding long restaurant wait times with Zomato's online ordering,1000,0.3,1.4,0.15,50.0,0.02,1.0,0.9,medium,balanced,2.22,0.018,Medium priority - balanced bidding recommended
Finding the perfect restaurant for a special occasion with Zomato,1000,0.3,1.4,0.0,50.0,0.02,1.0,0.9,medium,balanced,2.22,0.018,Medium priority - balanced bidding recommended
Comparing restaurant prices and menus easily with Zomato,1000,0.3,1.4,0.15,50.0,0.02,1.0,0.9,medium,balanced,2.22,0.018,Medium priority - balanced bidding recommended
Zomato's restaurant discovery service in Hyderabad,1000,0.3,1.4,0.15,50.0,0.02,1.0,0.9,medium,balanced,2.22,0.018,Medium priority - balanced bidding recommended
Zomato's contactless food delivery option,1000,0.3,1.4,0.0,50.0,0.02,1.0,0.9,medium,balanced,2.22,0.018,Medium priority - balanced bidding recommended
Zomato's in-app restaurant reservations,1000,0.3,1.4,0.0,50.0,0.02,1.0,0.9,medium,balanced,2.22,0.018,Medium priority - balanced bidding recommended
Zomato Gold membership benefits and discounts,1000,0.3,1.4,0.15,50.0,0.02,1.0,0.9,medium,balanced,2.22,0.018,Medium priority - balanced bidding recommended
Zomato Pro subscription features and advantages,1000,0.3,1.4,0.0,50.0,0.02,1.0,0.9,medium,balanced,2.22,0.018,Medium priority - balanced bidding recommended
Save time and effort with Zomato's fast food delivery,1000,0.3,1.4,0.0,50.0,0.02,1.0,0.9,medium,balanced,2.22,0.018,Medium priority - balanced bidding recommended
Enjoy a wider variety of cuisines with Zomato's vast selection,1000,0.3,1.4,0.0,50.0,0.02,1.0,0.9,medium,balanced,2.22,0.018,Medium priority - balanced bidding recommended
Experience delicious food from your favorite restaurants with Zomato,1000,0.3,1.4,0.0,50.0,0.02,1.0,0.9,medium,balanced,2.22,0.018,Medium priority - balanced bidding recommended
Discover new and exciting restaurants with Zomato's recommendations,1000,0.3,1.4,0.0,50.0,0.02,1.0,0.9,medium,balanced,2.22,0.018,Medium priority - balanced bidding recommended
Improve your dining experience with Zomato's user-friendly app,1000,0.3,1.4,0.0,50.0,0.02,1.0,0.9,medium,balanced,2.22,0.018,Medium priority - balanced bidding recommended
Enjoy convenient and reliable food delivery with Zomato,1000,0.3,1.4,0.0,50.0,0.02,1.0,0.9,medium,balanced,2.22,0.018,Medium priority - balanced bidding recommended
Enhance your social dining experience with Zomato's restaurant discovery,1000,0.3,1.4,0.0,50.0,0.02,1.0,0.9,medium,balanced,2.22,0.018,Medium priority - balanced bidding recommended
Best fine dining restaurants on Zomato in Mumbai,1000,0.3,1.4,0.15,50.0,0.02,1.0,0.9,medium,balanced,2.22,0.018,Medium priority - balanced bidding recommended
Top-rated street food options on Zomato in Delhi,1000,0.3,1.4,0.15,50.0,0.02,1.0,0.9,medium,balanced,2.22,0.018,Medium priority - balanced bidding recommended
Zomato's selection of organic and healthy food options,1000,0.3,1.4,0.0,50.0,0.02,1.0,0.9,medium,balanced,2.22,0.018,Medium priority - balanced bidding recommended
Zomato's delivery service for specific dietary restrictions,1000,0.3,1.4,0.15,50.0,0.02,1.0,0.9,medium,balanced,2.22,0.018,Medium priority - balanced bidding recommended
Finding vegan and vegetarian restaurants on Zomato,1000,0.3,1.4,0.0,50.0,0.02,1.0,0.9,medium,balanced,2.22,0.018,Medium priority - balanced bidding recommended
Zomato's exclusive partnerships with top chefs in India,1000,0.3,1.4,0.15,50.0,0.02,1.0,0.9,medium,balanced,2.22,0.018,Medium priority - balanced bidding recommended
Zomato's curated restaurant guides for various occasions,1000,0.3,1.4,0.0,50.0,0.02,1.0,0.9,medium,balanced,2.22,0.018,Medium priority - balanced bidding recommended
Zomato's focus on supporting local restaurants in India,1000,0.3,1.4,0.15,50.0,0.02,1.0,0.9,medium,balanced,2.22,0.018,Medium priority - balanced bidding recommended
discovery of india,1000,0.3,1.4,0.0,50.0,0.02,1.0,0.9,medium,balanced,2.22,0.018,Medium priority - balanced bidding recommended
discovery of electron,1000,0.3,1.4,0.0,50.0,0.02,1.0,0.9,medium,balanced,2.22,0.018,Medium priority - balanced bidding recommended
discovery of proton,1000,0.3,1.4,0.0,50.0,0.02,1.0,0.9,medium,balanced,2.22,0.018,Medium priority - balanced bidding recommended
discovery village nandi hills,1000,0.3,1.4,0.0,50.0,0.02,1.0,0.9,medium,balanced,2.22,0.018,Medium priority - balanced bidding recommended
food on train,1000,0.3,1.4,0.0,50.0,0.02,1.0,0.9,medium,balanced,2.22,0.018,Medium priority - balanced bidding recommended
food corporation of india,1000,0.3,1.4,0.0,50.0,0.02,1.0,0.9,medium,balanced,2.22,0.018,Medium priority - balanced bidding recommended
food court near me,1000,0.3,1.4,0.15,50.0,0.02,1.0,0.9,medium,balanced,2.22,0.018,Medium priority - balanced bidding recommended
people meaning in hindi,1000,0.3,1.4,0.0,50.0,0.02,1.0,0.9,medium,balanced,2.22,0.018,Medium priority - balanced bidding recommended
peoples mall bhopal,1000,0.3,1.4,0.0,50.0,0.02,1.0,0.9,medium,balanced,2.22,0.018,Medium priority - balanced bidding recommended
people tree hospital,1000,0.3,1.4,0.0,50.0,0.02,1.0,0.9,medium,balanced,2.22,0.018,Medium priority - balanced bidding recommended
people like us,1000,0.3,1.4,0.0,50.0,0.02,1.0,0.9,medium,balanced,2.22,0.018,Medium priority - balanced bidding recommended
service discovery best practices,1000,0.3,1.4,0.3,50.0,0.02,1.0,0.9,medium,balanced,2.22,0.018,Medium priority - balanced bidding recommended
discovery maintenance cost,1000,0.3,1.4,0.15,50.0,0.02,1.0,0.9,medium,balanced,2.22,0.018,Medium priority - balanced bidding recommended
largest country in the world,1000,0.3,1.4,0.0,50.0,0.02,1.0,0.9,medium,balanced,2.22,0.018,Medium priority - balanced bidding recommended
largest state in india,1000,0.3,1.4,0.0,50.0,0.02,1.0,0.9,medium,balanced,2.22,0.018,Medium priority - balanced bidding recommended
largest organ in human body,1000,0.3,1.4,0.0,50.0,0.02,1.0,0.9,medium,balanced,2.22,0.018,Medium priority - balanced bidding recommended
largest lake in india,1000,0.3,1.4,0.0,50.0,0.02,1.0,0.9,medium,balanced,2.22,0.018,Medium priority - balanced bidding recommended
largest river in india,1000,0.3,1.4,0.0,50.0,0.02,1.0,0.9,medium,balanced,2.22,0.018,Medium priority - balanced bidding recommended
more meaning in hindi,1000,0.3,1.4,0.0,50.0,0.02,1.0,0.9,medium,balanced,2.22,0.018,Medium priority - balanced bidding recommended
moreover meaning in hindi,1000,0.3,1.4,0.0,50.0,0.02,1.0,0.9,medium,balanced,2.22,0.018,Medium priority - balanced bidding recommended
more than friends,1000,0.3,1.4,0.0,50.0,0.02,1.0,0.9,medium,balanced,2.22,0.018,Medium priority - balanced bidding recommended
more than a married couple,1000,0.3,1.4,0.0,50.0,0.02,1.0,0.9,medium,balanced,2.22,0.018,Medium priority - balanced bidding recommended
more than symbol,1000,0.3,1.4,0.0,50.0,0.02,1.0,0.9,medium,balanced,2.22,0.018,Medium priority - balanced bidding recommended
food delivery restaurant,1000,0.3,1.4,0.0,50.0,0.02,1.0,0.9,medium,balanced,2.22,0.018,Medium priority - balanced bidding recommended
zomato food delivery & dining,1000,0.3,1.4,0.0,50.0,0.02,1.0,0.9,medium,balanced,2.22,0.018,Medium priority - balanced bidding recommended
discovery service in microservices,1000,0.3,1.4,0.15,50.0,0.02,1.0,0.9,medium,balanced,2.22,0.018,Medium priority - balanced bidding recommended
discovery service cost,1000,0.3,1.4,0.3,50.0,0.02,1.0,0.9,medium,balanced,2.22,0.018,Medium priority - balanced bidding recommended
discovery service in spring boot,1000,0.3,1.4,0.15,50.0,0.02,1.0,0.9,medium,balanced,2.22,0.018,Medium priority - balanced bidding recommended
discovery services in library,1000,0.3,1.4,0.15,50.0,0.02,1.0,0.9,medium,balanced,2.22,0.018,Medium priority - balanced bidding recommended
more people synonyms,1000,0.3,1.4,0.0,50.0,0.02,1.0,0.9,medium,balanced,2.22,0.018,Medium priority - balanced bidding recommended
more people meaning,1000,0.3,1.4,0.0,50.0,0.02,1.0,0.9,medium,balanced,2.22,0.018,Medium priority - balanced bidding recommended
more people more land,1000,0.3,1.4,0.0,50.0,0.02,1.0,0.9,medium,balanced,2.22,0.018,Medium priority - balanced bidding recommended
more people are watching your short,1000,0.3,1.4,0.0,50.0,0.02,1.0,0.9,medium,balanced,2.22,0.018,Medium priority - balanced bidding recommended
more people in the world,1000,0.3,1.4,0.0,50.0,0.02,1.0,0.9,medium,balanced,2.22,0.018,Medium priority - balanced bidding recommended
more people more merrier,1000,0.3,1.4,0.0,50.0,0.02,1.0,0.9,medium,balanced,2.22,0.018,Medium priority - balanced bidding recommended
more people more problems,1000,0.3,1.4,0.0,50.0,0.02,1.0,0.9,medium,balanced,2.22,0.018,Medium priority - balanced bidding recommended
more people photo,1000,0.3,1.4,0.0,50.0,0.02,1.0,0.9,medium,balanced,2.22,0.018,Medium priority - balanced bidding recommended
better food co,1000,0.3,1.4,0.0,50.0,0.02,1.0,0.9,medium,balanced,2.22,0.018,Medium priority - balanced bidding recommended
better food factory,1000,0.3,1.4,0.0,50.0,0.02,1.0,0.9,medium,balanced,2.22,0.018,Medium priority - balanced bidding recommended
better food co. menu,1000,0.3,1.4,0.0,50.0,0.02,1.0,0.9,medium,balanced,2.22,0.018,Medium priority - balanced bidding recommended
better food for liver,1000,0.3,1.4,0.0,50.0,0.02,1.0,0.9,medium,balanced,2.22,0.018,Medium priority - balanced bidding recommended
better food company,1000,0.3,1.4,0.0,50.0,0.02,1.0,0.9,medium,balanced,2.22,0.018,Medium priority - balanced bidding recommended
better food for eyes,1000,0.3,1.4,0.0,50.0,0.02,1.0,0.9,medium,balanced,2.22,0.018,Medium priority - balanced bidding recommended
better food ventures,1000,0.3,1.4,0.0,50.0,0.02,1.0,0.9,medium,balanced,2.22,0.018,Medium priority - balanced bidding recommended
largest food delivery companies,1000,0.3,1.4,0.0,50.0,0.02,1.0,0.9,medium,balanced,2.22,0.018,Medium priority - balanced bidding recommended
largest food delivery apps,1000,0.3,1.4,0.0,50.0,0.02,1.0,0.9,medium,balanced,2.22,0.018,Medium priority - balanced bidding recommended
largest food delivery app in the uk,1000,0.3,1.4,0.0,50.0,0.02,1.0,0.9,medium,balanced,2.22,0.018,Medium priority - balanced bidding recommended
food delivery in train,1000,0.3,1.4,0.0,50.0,0.02,1.0,0.9,medium,balanced,2.22,0.018,Medium priority - balanced bidding recommended
food delivery apps in bangalore,1000,0.3,1.4,0.0,50.0,0.02,1.0,0.9,medium,balanced,2.22,0.018,Medium priority - balanced bidding recommended
food delivery website,1000,0.3,1.4,0.0,50.0,0.02,1.0,0.9,medium,balanced,2.22,0.018,Medium priority - balanced bidding recommended
food delivery app chennai,1000,0.3,1.4,0.0,50.0,0.02,1.0,0.9,medium,balanced,2.22,0.018,Medium priority - balanced bidding recommended
delivery dining near me,1000,0.3,1.4,0.15,50.0,0.02,1.0,0.9,medium,balanced,2.22,0.018,Medium priority - balanced bidding recommended
restaurant discovery gardens,1000,0.3,1.4,0.0,50.0,0.02,1.0,0.9,medium,balanced,2.22,0.018,Medium priority - balanced bidding recommended
restaurant discovery bay,1000,0.3,1.4,0.0,50.0,0.02,1.0,0.9,medium,balanced,2.22,0.018,Medium priority - balanced bidding recommended
restaurant discovery mall,1000,0.3,1.4,0.0,50.0,0.02,1.0,0.9,medium,balanced,2.22,0.018,Medium priority - balanced bidding recommended
restaurant discovery green,1000,0.3,1.4,0.0,50.0,0.02,1.0,0.9,medium,balanced,2.22,0.018,Medium priority - balanced bidding recommended
restaurant discovery platform,1000,0.3,1.4,0.0,50.0,0.02,1.0,0.9,medium,balanced,2.22,0.018,Medium priority - balanced bidding recommended
restaurant discovery park,1000,0.3,1.4,0.0,50.0,0.02,1.0,0.9,medium,balanced,2.22,0.018,Medium priority - balanced bidding recommended
restaurant discovery primea,1000,0.3,1.4,0.0,50.0,0.02,1.0,0.9,medium,balanced,2.22,0.018,Medium priority - balanced bidding recommended
restaurant discovery ancol,1000,0.3,1.4,0.0,50.0,0.02,1.0,0.9,medium,balanced,2.22,0.018,Medium priority - balanced bidding recommended
"Discovery Village Kanakapura
Resort hotel · Voddarahalli, Karnataka",1000,0.3,1.4,0.0,50.0,0.02,1.0,0.9,medium,balanced,2.22,0.018,Medium priority - balanced bidding recommended
"Discovery Village Kabini
Resort hotel · Mysore District, N.Belthur, Karnataka",1000,0.3,1.4,0.0,50.0,0.02,1.0,0.9,medium,balanced,2.22,0.018,Medium priority - balanced bidding recommended
"Discovery
Television producer",1000,0.3,1.4,0.0,50.0,0.02,1.0,0.9,medium,balanced,2.22,0.018,Medium priority - balanced bidding recommended
food civil supplies,1000,0.3,1.4,0.0,50.0,0.02,1.0,0.9,medium,balanced,2.22,0.018,Medium priority - balanced bidding recommended
food places near me,1000,0.3,1.4,0.15,50.0,0.02,1.0,0.9,medium,balanced,2.22,0.018,Medium priority - balanced bidding recommended
food and civil,1000,0.3,1.4,0.0,50.0,0.02,1.0,0.9,medium,balanced,2.22,0.018,Medium priority - balanced bidding recommended
People Tree Ltd.,1000,0.3,1.4,0.0,50.0,0.02,1.0,0.9,medium,balanced,2.22,0.018,Medium priority - balanced bidding recommended
people meaning in kannada,1000,0.3,1.4,0.0,50.0,0.02,1.0,0.9,medium,balanced,2.22,0.018,Medium priority - balanced bidding recommended
people media factory,1000,0.3,1.4,0.0,50.0,0.02,1.0,0.9,medium,balanced,2.22,0.018,Medium priority - balanced bidding recommended
service discovery vs gateway,1000,0.3,1.4,0.3,50.0,0.02,1.0,0.9,medium,balanced,2.22,0.018,Medium priority - balanced bidding recommended
discovery service dynamics 365,1000,0.3,1.4,0.15,50.0,0.02,1.0,0.9,medium,balanced,2.22,0.018,Medium priority - balanced bidding recommended
largest district in karnataka,1000,0.3,1.4,0.0,50.0,0.02,1.0,0.9,medium,balanced,2.22,0.018,Medium priority - balanced bidding recommended
more meaning in kannada,1000,0.3,1.4,0.0,50.0,0.02,1.0,0.9,medium,balanced,2.22,0.018,Medium priority - balanced bidding recommended
more opposite word,1000,0.3,1.4,0.0,50.0,0.02,1.0,0.9,medium,balanced,2.22,0.018,Medium priority - balanced bidding recommended
"Morena
Town in India",1000,0.3,1.4,0.0,50.0,0.02,1.0,0.9,medium,balanced,2.22,0.018,Medium priority - balanced bidding recommended
discovery service team,1000,0.3,1.4,0.15,50.0,0.02,1.0,0.9,medium,balanced,2.22,0.018,Medium priority - balanced bidding recommended
more people game,1000,0.3,1.4,0.0,50.0,0.02,1.0,0.9,medium,balanced,2.22,0.018,Medium priority - balanced bidding recommended
Get the best deals and discounts on food with Zomato,1000,0.3,1.4,0.44999999999999996,50.0,0.02,1.0,0.95,medium,balanced,2.12,0.018900000000000004,Medium priority - balanced bidding recommended
Zomato login,5000,0.6,2.0,0.0,50.0,0.02,1.0,1.16,medium,balanced,1.73,0.11550000000000002,Medium priority - balanced bidding recommended
Zomato website,5000,0.6,2.0,0.0,50.0,0.02,1.0,1.16,medium,balanced,1.73,0.11550000000000002,Medium priority - balanced bidding recommended
Zomato careers,5000,0.6,2.0,0.0,50.0,0.02,1.0,1.16,medium,balanced,1.73,0.11550000000000002,Medium priority - balanced bidding recommended
Zomato blog,5000,0.6,2.0,0.0,50.0,0.02,1.0,1.16,medium,balanced,1.73,0.11550000000000002,Medium priority - balanced bidding recommended
zomato alternatives,5000,0.6,2.0,0.0,50.0,0.02,1.0,1.16,medium,balanced,1.73,0.11550000000000002,Medium priority - balanced bidding recommended
magicpin deals,5000,0.6,2.0,0.15,50.0,0.02,1.0,1.16,medium,balanced,1.73,0.11550000000000002,Medium priority - balanced bidding recommended
foodpanda discounts,5000,0.6,2.0,0.15,50.0,0.02,1.0,1.16,medium,balanced,1.73,0.11550000000000002,Medium priority - balanced bidding recommended
Zomato Pune,5000,0.6,2.0,0.0,50.0,0.02,1.0,1.16,medium,balanced,1.73,0.11550000000000002,Medium priority - balanced bidding recommended
Zomato Goa,5000,0.6,2.0,0.0,50.0,0.02,1.0,1.16,medium,balanced,1.73,0.11550000000000002,Medium priority - balanced bidding recommended
Zomato Noida,5000,0.6,2.0,0.0,50.0,0.02,1.0,1.16,medium,balanced,1.73,0.11550000000000002,Medium priority - balanced bidding recommended
Zomato Maharashtra,5000,0.6,2.0,0.0,50.0,0.02,1.0,1.16,medium,balanced,1.73,0.11550000000000002,Medium priority - balanced bidding recommended
Zomato Kerala,5000,0.6,2.0,0.0,50.0,0.02,1.0,1.16,medium,balanced,1.73,0.11550000000000002,Medium priority - balanced bidding recommended
discovery channel,5000,0.6,2.0,0.0,50.0,0.02,1.0,1.16,medium,balanced,1.73,0.11550000000000002,Medium priority - balanced bidding recommended
discovery car,5000,0.6,2.0,0.0,50.0,0.02,1.0,1.16,medium,balanced,1.73,0.11550000000000002,Medium priority - balanced bidding recommended
discovery plus,5000,0.6,2.0,0.0,50.0,0.02,1.0,1.16,medium,balanced,1.73,0.11550000000000002,Medium priority - balanced bidding recommended
discovery sport,5000,0.6,2.0,0.0,50.0,0.02,1.0,1.16,medium,balanced,1.73,0.11550000000000002,Medium priority - balanced bidding recommended
food odisha,5000,0.6,2.0,0.0,50.0,0.02,1.0,1.16,medium,balanced,1.73,0.11550000000000002,Medium priority - balanced bidding recommended
food chain,5000,0.6,2.0,0.0,50.0,0.02,1.0,1.16,medium,balanced,1.73,0.11550000000000002,Medium priority - balanced bidding recommended
food poisoning,5000,0.6,2.0,0.0,50.0,0.02,1.0,1.16,medium,balanced,1.73,0.11550000000000002,Medium priority - balanced bidding recommended
food license,5000,0.6,2.0,0.0,50.0,0.02,1.0,1.16,medium,balanced,1.73,0.11550000000000002,Medium priority - balanced bidding recommended
food supply,5000,0.6,2.0,0.0,50.0,0.02,1.0,1.16,medium,balanced,1.73,0.11550000000000002,Medium priority - balanced bidding recommended
people first,5000,0.6,2.0,0.0,50.0,0.02,1.0,1.16,medium,balanced,1.73,0.11550000000000002,Medium priority - balanced bidding recommended
peoplestrong login,5000,0.6,2.0,0.0,50.0,0.02,1.0,1.16,medium,balanced,1.73,0.11550000000000002,Medium priority - balanced bidding recommended
people work,5000,0.6,2.0,0.0,50.0,0.02,1.0,1.16,medium,balanced,1.73,0.11550000000000002,Medium priority - balanced bidding recommended
dining table,5000,0.6,2.0,0.0,50.0,0.02,1.0,1.16,medium,balanced,1.73,0.11550000000000002,Medium priority - balanced bidding recommended
dining chair,5000,0.6,2.0,0.0,50.0,0.02,1.0,1.16,medium,balanced,1.73,0.11550000000000002,Medium priority - balanced bidding recommended
dining room,5000,0.6,2.0,0.0,50.0,0.02,1.0,1.16,medium,balanced,1.73,0.11550000000000002,Medium priority - balanced bidding recommended
more images,5000,0.6,2.0,0.0,50.0,0.02,1.0,1.16,medium,balanced,1.73,0.11550000000000002,Medium priority - balanced bidding recommended
more supermarket,5000,0.6,2.0,0.0,50.0,0.02,1.0,1.16,medium,balanced,1.73,0.11550000000000002,Medium priority - balanced bidding recommended
morena baccarin,5000,0.6,2.0,0.0,50.0,0.02,1.0,1.16,medium,balanced,1.73,0.11550000000000002,Medium priority - balanced bidding recommended
discovery servicenow,5000,0.6,2.0,0.15,50.0,0.02,1.0,1.16,medium,balanced,1.73,0.11550000000000002,Medium priority - balanced bidding recommended
food mangalore,5000,0.6,2.0,0.0,50.0,0.02,1.0,1.16,medium,balanced,1.73,0.11550000000000002,Medium priority - balanced bidding recommended
dining hall,5000,0.6,2.0,0.0,50.0,0.02,1.0,1.16,medium,balanced,1.73,0.11550000000000002,Medium priority - balanced bidding recommended
peoplestrong,10000,0.8,3.0,0.0,50.0,0.02,1.0,1.32,medium,aggressive,1.52,0.264,Medium priority - balanced bidding recommended
peopleperhour,10000,0.8,3.0,0.0,50.0,0.02,1.0,1.32,medium,aggressive,1.52,0.264,Medium priority - balanced bidding recommended
morena,10000,0.8,3.0,0.0,50.0,0.02,1.0,1.32,medium,aggressive,1.52,0.264,Medium priority - balanced bidding recommended
